{"count":1,"self":7620.28032,"total":13946.869767799999,"children":{"AgentSendState":{"count":1333434,"self":56.2621696,"total":589.03131999999994,"children":{"CollectObservations":{"count":800064,"self":9.103544,"total":9.103544,"children":null},"CollectDiscreteActionMasks":{"count":800064,"self":6.7158831999999995,"total":6.7158831,"children":null},"AgentInfo.ToProto":{"count":800064,"self":17.6439168,"total":516.94972439999992,"children":{"GenerateSensorData":{"count":800064,"self":106.75137919999999,"total":499.3058082,"children":{"RayPerceptionSensor.Perceive":{"count":800064,"self":392.5544192,"total":392.5544309,"children":null}}}}}}},"DecideAction":{"count":1333434,"self":5679.947776,"total":5679.9476574,"children":null},"AgentAct":{"count":1333434,"self":16.4464336,"total":16.554277799999998,"children":{"AgentInfo.ToProto":{"count":193,"self":0.0030128,"total":0.1078442,"children":{"GenerateSensorData":{"count":193,"self":0.027184299999999998,"total":0.10483139999999999,"children":{"RayPerceptionSensor.Perceive":{"count":193,"self":0.0776471,"total":0.0776471,"children":null}}}}}}},"AgentInfo.ToProto":{"count":57539,"self":1.7103024,"total":41.054507199999996,"children":{"GenerateSensorData":{"count":57539,"self":8.2386679999999988,"total":39.3442048,"children":{"RayPerceptionSensor.Perceive":{"count":57539,"self":31.105535999999997,"total":31.1055367,"children":null}}}}}},"gauges":{"Agente.CumulativeReward":{"count":57732,"max":1.6,"min":-0.2,"runningAverage":0.907834053,"value":1.1,"weightedAverage":1.013138}},"metadata":{"timer_format_version":"0.1.0","start_time_seconds":"1616536398","unity_version":"2019.4.11f1","command_line_arguments":"C:\\Program Files\\Unity\\Hub\\Editor\\2019.4.11f1\\Editor\\Unity.exe -projectpath C:\/Users\/Ndoni\/Desktop\/Progetti\/Parcheggio -useHub -hubIPC -cloudEnvironment production -hubSessionId aec89c10-8be0-11eb-ba46-5763e55e3d76 -accessToken QXWhYzQGaR_xQPYyLSMt5CK3jD4x9gfCTH4CCWsGgxI001f","communication_protocol_version":"1.0.0","com.unity.ml-agents_version":"1.0.5","scene_name":"Parcheggio complesso multiplo","end_time_seconds":"1616550345"}}