{"count":1,"self":8450.8680192,"total":42651.807052899996,"children":{"AgentSendState":{"count":3751251,"self":327.6607232,"total":4996.6603076,"children":{"CollectObservations":{"count":4501512,"self":64.1549888,"total":64.154990599999991,"children":null},"CollectDiscreteActionMasks":{"count":4501512,"self":44.8672288,"total":44.8672288,"children":null},"AgentInfo.ToProto":{"count":4501512,"self":152.4726656,"total":4559.9773645,"children":{"GenerateSensorData":{"count":4501512,"self":3066.1281792,"total":4407.5047005999995,"children":{"RayPerceptionSensor.Perceive":{"count":4501512,"self":1341.376512,"total":1341.3765271999998,"children":null}}}}}}},"DecideAction":{"count":3751251,"self":29132.2724352,"total":29132.271103,"children":null},"AgentAct":{"count":3751251,"self":50.845152,"total":53.801055999999996,"children":{"AgentInfo.ToProto":{"count":2649,"self":0.088177999999999992,"total":2.9559031,"children":{"GenerateSensorData":{"count":2649,"self":2.0752836,"total":2.8677251,"children":{"RayPerceptionSensor.Perceive":{"count":2649,"self":0.7924416,"total":0.7924416,"children":null}}}}}}},"AgentInfo.ToProto":{"count":16032,"self":0.64160659999999992,"total":18.201644899999998,"children":{"GenerateSensorData":{"count":16032,"self":11.290486399999999,"total":17.5600383,"children":{"RayPerceptionSensor.Perceive":{"count":16032,"self":6.269552,"total":6.2695520999999994,"children":null}}}}}},"gauges":{"Agente.CumulativeReward":{"count":18681,"max":1.4,"min":-0.2,"runningAverage":0.0789250657,"value":1.1,"weightedAverage":0.284416974}},"metadata":{"timer_format_version":"0.1.0","start_time_seconds":"1607854901","unity_version":"2019.4.11f1","command_line_arguments":"C:\\Program Files\\Unity\\Hub\\Editor\\2019.4.11f1\\Editor\\Unity.exe -projectpath C:\/Users\/Ndoni\/Progetti\/Parcheggio -useHub -hubIPC -cloudEnvironment production -hubSessionId 6eda2ea0-3d2c-11eb-a0a2-ad7cd5048ecd -accessToken PAlBI-6B_BSC4Hpdv5Akue9KZ2Sc4-0Gw42yD6aoy3Q001f","communication_protocol_version":"1.0.0","com.unity.ml-agents_version":"1.0.5","scene_name":"Parking","end_time_seconds":"1607897552"}}